{
  "mapping": [
    {
      "excl": true,
      "size": 10,
      "readonly": false,
      "name": "employee_id",
      "disabled": false,
      "pkey": true,
      "label": "Employee Id",
      "type": "integer",
      "abbr": "eid",
      "derived": false,
      "group": 0
    },
    {
      "excl": false,
      "size": 10,
      "readonly": false,
      "name": "hire_date",
      "disabled": false,
      "pkey": false,
      "label": "Hire Date",
      "type": "date",
      "abbr": "hd",
      "derived": false,
      "group": 1
    },
    {
      "excl": false,
      "size": 40,
      "readonly": false,
      "name": "first_name",
      "disabled": false,
      "pkey": false,
      "label": "First Name",
      "type": "string",
      "abbr": "fn",
      "derived": false,
      "group": 1
    },
    {
      "excl": false,
      "size": 40,
      "readonly": false,
      "name": "last_name",
      "disabled": false,
      "pkey": false,
      "label": "Last Name",
      "type": "string",
      "abbr": "ln",
      "derived": false,
      "group": 1
    },
    {
      "excl": false,
      "size": 8,
      "readonly": false,
      "name": "salary",
      "disabled": false,
      "pkey": false,
      "label": "Salary",
      "type": "decimal",
      "abbr": "sal",
      "derived": false,
      "group": 1
    },
    {
      "excl": false,
      "size": 40,
      "readonly": false,
      "name": "email",
      "disabled": false,
      "pkey": false,
      "label": "Email",
      "type": "string",
      "abbr": "ema",
      "derived": false,
      "group": 2
    },
    {
      "excl": false,
      "size": 20,
      "readonly": false,
      "name": "phone_number",
      "disabled": false,
      "pkey": false,
      "label": "Phone Number",
      "type": "string",
      "abbr": "pn",
      "derived": false,
      "group": 2
    },
    {
      "excl": true,
      "size": 10,
      "readonly": false,
      "name": "job_id",
      "disabled": false,
      "pkey": false,
      "label": "Job Id",
      "type": "string",
      "abbr": "jid",
      "derived": false,
      "group": 0
    },
    {
      "excl": true,
      "size": 10,
      "readonly": false,
      "name": "manager_id",
      "disabled": false,
      "pkey": false,
      "label": "Manager Id",
      "type": "integer",
      "abbr": "mid",
      "derived": false,
      "group": 0
    },
    {
      "excl": true,
      "size": 5,
      "readonly": false,
      "name": "department_id",
      "disabled": false,
      "pkey": false,
      "label": "Department Id",
      "type": "integer",
      "abbr": "did",
      "derived": false,
      "group": 0
    }
  ],
  "alias": "emp",
  "from": "employees",
  "sort": "employee_id",
  "rows": 8
}